{"cameraMode":{"drawMode":0,"name":"Shaded","section":"Shading Mode"},"sceneLighting":true,"audioPlay":false,"sceneViewState":{"m_AlwaysRefresh":false,"showFog":true,"showSkybox":true,"showFlares":true,"showImageEffects":true,"showParticleSystems":true,"showVisualEffectGraphs":true,"m_FxEnabled":true},"in2DMode":false,"pivot":{"x":0.34767580032348635,"y":2.6517553329467775,"z":-2.311404228210449},"rotation":{"x":-0.12435692548751831,"y":0.04522840306162834,"z":-0.005677183624356985,"w":-0.9911956787109375},"size":-0.23440176248550416,"orthographic":false}